<?xml version="1.0" encoding="UTF-8"?>
<metadata xml:lang="en"><Esri><CreaDate>20170609</CreaDate><CreaTime>13421600</CreaTime><ArcGISFormat>1.0</ArcGISFormat><SyncOnce>TRUE</SyncOnce><DataProperties><lineage><Process ToolSource="c:\program files (x86)\arcgis\desktop10.2\ArcToolbox\Toolboxes\Data Management Tools.tbx\CalculateField" Date="20160107" Time="091947">CalculateField customs_port_limits_pl limit_name ""Port of " + [limit_name]" VB #</Process><Process ToolSource="c:\program files (x86)\arcgis\desktop10.2\ArcToolbox\Toolboxes\Data Management Tools.tbx\CalculateField" Date="20160107" Time="092003">CalculateField customs_port_limits_pl limit_name ""Port of " + [limit_name]" VB #</Process></lineage><itemProps><itemLocation><linkage Sync="TRUE">file://\\E03-736PQ02\D$\Sabine_Work\DHI\port_polygon\To DHI\dhi_sydney_port_pl</linkage><protocol Sync="TRUE">Local Area Network</protocol></itemLocation></itemProps><copyHistory><copy source="D:\Sabine_Work\DHI\port_polygon\dhi_sydney_port_pl" dest="\\E03-736PQ02\D$\Sabine_Work\DHI\port_polygon\To DHI\dhi_sydney_port_pl" date="20170609" time="13421600"></copy></copyHistory></DataProperties></Esri></metadata>
