<?xml version="1.0" encoding="UTF-8"?>
<metadata xml:lang="en"><Esri><CreaDate>20170609</CreaDate><CreaTime>13421500</CreaTime><ArcGISFormat>1.0</ArcGISFormat><SyncOnce>TRUE</SyncOnce><DataProperties><lineage><Process ToolSource="c:\program files (x86)\arcgis\desktop10.5\ArcToolbox\Toolboxes\Data Management Tools.tbx\CalculateField" Date="20170602" Time="094721">CalculateField dhi_barrow_island_port_pl limit_name "Port of Barrow Island" VB #</Process></lineage><itemProps><itemLocation><linkage Sync="TRUE">file://\\E03-736PQ02\D$\Sabine_Work\DHI\port_polygon\To DHI\dhi_barrow_island_port_pl</linkage><protocol Sync="TRUE">Local Area Network</protocol></itemLocation></itemProps><copyHistory><copy source="D:\Sabine_Work\DHI\port_polygon\dhi_barrow_island_port_pl" dest="\\E03-736PQ02\D$\Sabine_Work\DHI\port_polygon\To DHI\dhi_barrow_island_port_pl" date="20170609" time="13421500"></copy></copyHistory></DataProperties></Esri></metadata>
